params,score,return,sharpe,fees,trades
"{'ma_type': 'EMA', 'fast_ma_window': 5, 'slow_ma_window': 50, 'momentum_window': 10, 'proportional_momentum': False, 'num_stocks': 4, 'use_trailing_stop': True, 'trailing_stop_pct': 0.02, 'vol_lookback': 20, 'low_vol_threshold': 0.01, 'high_vol_threshold': 0.03, 'volume_lookback': 40, 'macro_lower': 0.95, 'macro_upper': 1.05, 'max_trades': 20}",-1.2246966012022382,0.19924318315171718,1.9924318315171718,2516.1202652678835,20
"{'ma_type': 'EMA', 'fast_ma_window': 5, 'slow_ma_window': 50, 'momentum_window': 10, 'proportional_momentum': False, 'num_stocks': 4, 'use_trailing_stop': True, 'trailing_stop_pct': 0.03, 'vol_lookback': 20, 'low_vol_threshold': 0.01, 'high_vol_threshold': 0.03, 'volume_lookback': 40, 'macro_lower': 0.95, 'macro_upper': 1.05, 'max_trades': 20}",-1.634105256721022,0.1790905152665594,1.790905152665594,2485.441812918283,20
"{'ma_type': 'EMA', 'fast_ma_window': 12, 'slow_ma_window': 40, 'momentum_window': 10, 'proportional_momentum': False, 'num_stocks': 4, 'use_trailing_stop': True, 'trailing_stop_pct': 0.02, 'vol_lookback': 20, 'low_vol_threshold': 0.01, 'high_vol_threshold': 0.03, 'volume_lookback': 40, 'macro_lower': 0.95, 'macro_upper': 1.05, 'max_trades': 20}",-1.7905639274454441,0.17102487040160597,1.7102487040160597,2456.7144787723337,20
"{'ma_type': 'EMA', 'fast_ma_window': 5, 'slow_ma_window': 50, 'momentum_window': 15, 'proportional_momentum': False, 'num_stocks': 4, 'use_trailing_stop': True, 'trailing_stop_pct': 0.05, 'vol_lookback': 20, 'low_vol_threshold': 0.01, 'high_vol_threshold': 0.03, 'volume_lookback': 40, 'macro_lower': 0.95, 'macro_upper': 1.05, 'max_trades': 20}",-1.8151730099121055,0.17045326306385977,1.7045326306385977,2484.742426411903,20
"{'ma_type': 'EMA', 'fast_ma_window': 5, 'slow_ma_window': 50, 'momentum_window': 15, 'proportional_momentum': False, 'num_stocks': 4, 'use_trailing_stop': True, 'trailing_stop_pct': 0.02, 'vol_lookback': 20, 'low_vol_threshold': 0.01, 'high_vol_threshold': 0.03, 'volume_lookback': 40, 'macro_lower': 0.95, 'macro_upper': 1.05, 'max_trades': 20}",-1.8391619872585678,0.16912557087524704,1.6912557087524704,2476.0873223327735,20
"{'ma_type': 'EMA', 'fast_ma_window': 5, 'slow_ma_window': 50, 'momentum_window': 10, 'proportional_momentum': False, 'num_stocks': 4, 'use_trailing_stop': True, 'trailing_stop_pct': 0.05, 'vol_lookback': 20, 'low_vol_threshold': 0.01, 'high_vol_threshold': 0.03, 'volume_lookback': 40, 'macro_lower': 0.95, 'macro_upper': 1.05, 'max_trades': 20}",-1.9204334741413491,0.1650130403748562,1.650130403748562,2464.766030496638,20
"{'ma_type': 'EMA', 'fast_ma_window': 12, 'slow_ma_window': 40, 'momentum_window': 10, 'proportional_momentum': False, 'num_stocks': 4, 'use_trailing_stop': True, 'trailing_stop_pct': 0.03, 'vol_lookback': 20, 'low_vol_threshold': 0.01, 'high_vol_threshold': 0.03, 'volume_lookback': 40, 'macro_lower': 0.95, 'macro_upper': 1.05, 'max_trades': 20}",-1.9496499805315963,0.16316324217799316,1.6316324217799316,2443.3553803501286,20
"{'ma_type': 'EMA', 'fast_ma_window': 5, 'slow_ma_window': 40, 'momentum_window': 10, 'proportional_momentum': False, 'num_stocks': 5, 'use_trailing_stop': True, 'trailing_stop_pct': 0.05, 'vol_lookback': 20, 'low_vol_threshold': 0.01, 'high_vol_threshold': 0.03, 'volume_lookback': 40, 'macro_lower': 0.95, 'macro_upper': 1.05, 'max_trades': 15}",-1.98585302029136,0.13984503450160024,1.3984503450160024,1435.04410911831,15
"{'ma_type': 'EMA', 'fast_ma_window': 5, 'slow_ma_window': 40, 'momentum_window': 15, 'proportional_momentum': False, 'num_stocks': 5, 'use_trailing_stop': True, 'trailing_stop_pct': 0.05, 'vol_lookback': 20, 'low_vol_threshold': 0.01, 'high_vol_threshold': 0.03, 'volume_lookback': 40, 'macro_lower': 0.95, 'macro_upper': 1.05, 'max_trades': 15}",-1.98585302029136,0.13984503450160024,1.3984503450160024,1435.04410911831,15
"{'ma_type': 'EMA', 'fast_ma_window': 5, 'slow_ma_window': 40, 'momentum_window': 10, 'proportional_momentum': False, 'num_stocks': 5, 'use_trailing_stop': True, 'trailing_stop_pct': 0.02, 'vol_lookback': 20, 'low_vol_threshold': 0.01, 'high_vol_threshold': 0.03, 'volume_lookback': 40, 'macro_lower': 0.95, 'macro_upper': 1.05, 'max_trades': 15}",-1.9930833354062443,0.13949698812827238,1.3949698812827238,1434.8692114432708,15
"{'ma_type': 'EMA', 'fast_ma_window': 5, 'slow_ma_window': 40, 'momentum_window': 15, 'proportional_momentum': False, 'num_stocks': 5, 'use_trailing_stop': True, 'trailing_stop_pct': 0.02, 'vol_lookback': 20, 'low_vol_threshold': 0.01, 'high_vol_threshold': 0.03, 'volume_lookback': 40, 'macro_lower': 0.95, 'macro_upper': 1.05, 'max_trades': 15}",-1.9930833354062443,0.13949698812827238,1.3949698812827238,1434.8692114432708,15
"{'ma_type': 'EMA', 'fast_ma_window': 5, 'slow_ma_window': 50, 'momentum_window': 10, 'proportional_momentum': False, 'num_stocks': 5, 'use_trailing_stop': True, 'trailing_stop_pct': 0.02, 'vol_lookback': 20, 'low_vol_threshold': 0.01, 'high_vol_threshold': 0.03, 'volume_lookback': 40, 'macro_lower': 0.95, 'macro_upper': 1.05, 'max_trades': 15}",-2.00745366283062,0.14014311747759356,1.4014311747759356,1496.9916752438987,15
"{'ma_type': 'EMA', 'fast_ma_window': 5, 'slow_ma_window': 50, 'momentum_window': 15, 'proportional_momentum': False, 'num_stocks': 5, 'use_trailing_stop': True, 'trailing_stop_pct': 0.02, 'vol_lookback': 20, 'low_vol_threshold': 0.01, 'high_vol_threshold': 0.03, 'volume_lookback': 40, 'macro_lower': 0.95, 'macro_upper': 1.05, 'max_trades': 15}",-2.0074536628306245,0.14014311747759334,1.4014311747759334,1496.9916752438987,15
"{'ma_type': 'EMA', 'fast_ma_window': 9, 'slow_ma_window': 40, 'momentum_window': 10, 'proportional_momentum': False, 'num_stocks': 5, 'use_trailing_stop': True, 'trailing_stop_pct': 0.02, 'vol_lookback': 20, 'low_vol_threshold': 0.01, 'high_vol_threshold': 0.03, 'volume_lookback': 40, 'macro_lower': 0.95, 'macro_upper': 1.05, 'max_trades': 15}",-2.0139927498851202,0.13848479321821294,1.3848479321821294,1434.0983715041916,15
"{'ma_type': 'EMA', 'fast_ma_window': 9, 'slow_ma_window': 40, 'momentum_window': 15, 'proportional_momentum': False, 'num_stocks': 5, 'use_trailing_stop': True, 'trailing_stop_pct': 0.02, 'vol_lookback': 20, 'low_vol_threshold': 0.01, 'high_vol_threshold': 0.03, 'volume_lookback': 40, 'macro_lower': 0.95, 'macro_upper': 1.05, 'max_trades': 15}",-2.0139927498851202,0.13848479321821294,1.3848479321821294,1434.0983715041916,15
"{'ma_type': 'EMA', 'fast_ma_window': 5, 'slow_ma_window': 50, 'momentum_window': 10, 'proportional_momentum': False, 'num_stocks': 5, 'use_trailing_stop': True, 'trailing_stop_pct': 0.05, 'vol_lookback': 20, 'low_vol_threshold': 0.01, 'high_vol_threshold': 0.03, 'volume_lookback': 40, 'macro_lower': 0.95, 'macro_upper': 1.05, 'max_trades': 15}",-2.02544143627372,0.13927723829921224,1.3927723829921224,1496.5565600788832,15
"{'ma_type': 'EMA', 'fast_ma_window': 5, 'slow_ma_window': 50, 'momentum_window': 15, 'proportional_momentum': False, 'num_stocks': 5, 'use_trailing_stop': True, 'trailing_stop_pct': 0.05, 'vol_lookback': 20, 'low_vol_threshold': 0.01, 'high_vol_threshold': 0.03, 'volume_lookback': 40, 'macro_lower': 0.95, 'macro_upper': 1.05, 'max_trades': 15}",-2.025441436273729,0.1392772382992118,1.392772382992118,1496.556560078883,15
"{'ma_type': 'EMA', 'fast_ma_window': 9, 'slow_ma_window': 40, 'momentum_window': 10, 'proportional_momentum': False, 'num_stocks': 5, 'use_trailing_stop': True, 'trailing_stop_pct': 0.05, 'vol_lookback': 20, 'low_vol_threshold': 0.01, 'high_vol_threshold': 0.03, 'volume_lookback': 40, 'macro_lower': 0.95, 'macro_upper': 1.05, 'max_trades': 15}",-2.058420193828573,0.13631317795224795,1.3631317795224795,1431.4824756911225,15
"{'ma_type': 'EMA', 'fast_ma_window': 9, 'slow_ma_window': 40, 'momentum_window': 15, 'proportional_momentum': False, 'num_stocks': 5, 'use_trailing_stop': True, 'trailing_stop_pct': 0.05, 'vol_lookback': 20, 'low_vol_threshold': 0.01, 'high_vol_threshold': 0.03, 'volume_lookback': 40, 'macro_lower': 0.95, 'macro_upper': 1.05, 'max_trades': 15}",-2.058420193828573,0.13631317795224795,1.3631317795224795,1431.4824756911225,15
"{'ma_type': 'EMA', 'fast_ma_window': 5, 'slow_ma_window': 40, 'momentum_window': 10, 'proportional_momentum': False, 'num_stocks': 5, 'use_trailing_stop': True, 'trailing_stop_pct': 0.03, 'vol_lookback': 20, 'low_vol_threshold': 0.01, 'high_vol_threshold': 0.03, 'volume_lookback': 40, 'macro_lower': 0.95, 'macro_upper': 1.05, 'max_trades': 15}",-2.14589297358405,0.1320894960669634,1.320894960669634,1428.7597113668917,15
"{'ma_type': 'EMA', 'fast_ma_window': 5, 'slow_ma_window': 40, 'momentum_window': 15, 'proportional_momentum': False, 'num_stocks': 5, 'use_trailing_stop': True, 'trailing_stop_pct': 0.03, 'vol_lookback': 20, 'low_vol_threshold': 0.01, 'high_vol_threshold': 0.03, 'volume_lookback': 40, 'macro_lower': 0.95, 'macro_upper': 1.05, 'max_trades': 15}",-2.14589297358405,0.1320894960669634,1.320894960669634,1428.7597113668917,15
"{'ma_type': 'EMA', 'fast_ma_window': 9, 'slow_ma_window': 40, 'momentum_window': 10, 'proportional_momentum': False, 'num_stocks': 5, 'use_trailing_stop': True, 'trailing_stop_pct': 0.03, 'vol_lookback': 20, 'low_vol_threshold': 0.01, 'high_vol_threshold': 0.03, 'volume_lookback': 40, 'macro_lower': 0.95, 'macro_upper': 1.05, 'max_trades': 15}",-2.163540495379441,0.13122715973683974,1.3122715973683974,1427.7334746483134,15
"{'ma_type': 'EMA', 'fast_ma_window': 9, 'slow_ma_window': 40, 'momentum_window': 15, 'proportional_momentum': False, 'num_stocks': 5, 'use_trailing_stop': True, 'trailing_stop_pct': 0.03, 'vol_lookback': 20, 'low_vol_threshold': 0.01, 'high_vol_threshold': 0.03, 'volume_lookback': 40, 'macro_lower': 0.95, 'macro_upper': 1.05, 'max_trades': 15}",-2.163540495379441,0.13122715973683974,1.3122715973683974,1427.7334746483134,15
"{'ma_type': 'EMA', 'fast_ma_window': 5, 'slow_ma_window': 50, 'momentum_window': 15, 'proportional_momentum': False, 'num_stocks': 4, 'use_trailing_stop': True, 'trailing_stop_pct': 0.03, 'vol_lookback': 20, 'low_vol_threshold': 0.01, 'high_vol_threshold': 0.03, 'volume_lookback': 40, 'macro_lower': 0.95, 'macro_upper': 1.05, 'max_trades': 20}",-2.2070308687968696,0.1509481694649708,1.509481694649708,2445.2772876824547,20
"{'ma_type': 'EMA', 'fast_ma_window': 5, 'slow_ma_window': 50, 'momentum_window': 10, 'proportional_momentum': False, 'num_stocks': 5, 'use_trailing_stop': True, 'trailing_stop_pct': 0.03, 'vol_lookback': 20, 'low_vol_threshold': 0.01, 'high_vol_threshold': 0.03, 'volume_lookback': 40, 'macro_lower': 0.95, 'macro_upper': 1.05, 'max_trades': 15}",-2.2766899207726095,0.12706990313319744,1.2706990313319744,1485.2043607878525,15
"{'ma_type': 'EMA', 'fast_ma_window': 5, 'slow_ma_window': 50, 'momentum_window': 15, 'proportional_momentum': False, 'num_stocks': 5, 'use_trailing_stop': True, 'trailing_stop_pct': 0.03, 'vol_lookback': 20, 'low_vol_threshold': 0.01, 'high_vol_threshold': 0.03, 'volume_lookback': 40, 'macro_lower': 0.95, 'macro_upper': 1.05, 'max_trades': 15}",-2.2766899207726095,0.12706990313319744,1.2706990313319744,1485.2043607878525,15
"{'ma_type': 'EMA', 'fast_ma_window': 12, 'slow_ma_window': 40, 'momentum_window': 10, 'proportional_momentum': False, 'num_stocks': 4, 'use_trailing_stop': True, 'trailing_stop_pct': 0.05, 'vol_lookback': 20, 'low_vol_threshold': 0.01, 'high_vol_threshold': 0.03, 'volume_lookback': 40, 'macro_lower': 0.95, 'macro_upper': 1.05, 'max_trades': 20}",-2.311851141336716,0.14527196854204316,1.4527196854204316,2413.3034758800804,20
"{'ma_type': 'EMA', 'fast_ma_window': 12, 'slow_ma_window': 40, 'momentum_window': 10, 'proportional_momentum': False, 'num_stocks': 5, 'use_trailing_stop': True, 'trailing_stop_pct': 0.02, 'vol_lookback': 20, 'low_vol_threshold': 0.01, 'high_vol_threshold': 0.03, 'volume_lookback': 40, 'macro_lower': 0.95, 'macro_upper': 1.05, 'max_trades': 15}",-2.414390718334411,0.12039852374223847,1.2039852374223847,1479.8720305747754,15
"{'ma_type': 'EMA', 'fast_ma_window': 12, 'slow_ma_window': 40, 'momentum_window': 15, 'proportional_momentum': False, 'num_stocks': 5, 'use_trailing_stop': True, 'trailing_stop_pct': 0.02, 'vol_lookback': 20, 'low_vol_threshold': 0.01, 'high_vol_threshold': 0.03, 'volume_lookback': 40, 'macro_lower': 0.95, 'macro_upper': 1.05, 'max_trades': 15}",-2.414390718334411,0.12039852374223847,1.2039852374223847,1479.8720305747754,15
"{'ma_type': 'EMA', 'fast_ma_window': 12, 'slow_ma_window': 40, 'momentum_window': 10, 'proportional_momentum': False, 'num_stocks': 5, 'use_trailing_stop': True, 'trailing_stop_pct': 0.05, 'vol_lookback': 20, 'low_vol_threshold': 0.01, 'high_vol_threshold': 0.03, 'volume_lookback': 40, 'macro_lower': 0.95, 'macro_upper': 1.05, 'max_trades': 15}",-2.4566205721149132,0.11835657255254506,1.1835657255254506,1478.4242625797729,15
"{'ma_type': 'EMA', 'fast_ma_window': 12, 'slow_ma_window': 40, 'momentum_window': 15, 'proportional_momentum': False, 'num_stocks': 5, 'use_trailing_stop': True, 'trailing_stop_pct': 0.05, 'vol_lookback': 20, 'low_vol_threshold': 0.01, 'high_vol_threshold': 0.03, 'volume_lookback': 40, 'macro_lower': 0.95, 'macro_upper': 1.05, 'max_trades': 15}",-2.4566205721149132,0.11835657255254506,1.1835657255254506,1478.4242625797729,15
"{'ma_type': 'EMA', 'fast_ma_window': 12, 'slow_ma_window': 40, 'momentum_window': 10, 'proportional_momentum': False, 'num_stocks': 5, 'use_trailing_stop': True, 'trailing_stop_pct': 0.03, 'vol_lookback': 20, 'low_vol_threshold': 0.01, 'high_vol_threshold': 0.03, 'volume_lookback': 40, 'macro_lower': 0.95, 'macro_upper': 1.05, 'max_trades': 15}",-2.517965257193753,0.11536082803364889,1.1536082803364889,1474.9423731594948,15
"{'ma_type': 'EMA', 'fast_ma_window': 12, 'slow_ma_window': 40, 'momentum_window': 15, 'proportional_momentum': False, 'num_stocks': 5, 'use_trailing_stop': True, 'trailing_stop_pct': 0.03, 'vol_lookback': 20, 'low_vol_threshold': 0.01, 'high_vol_threshold': 0.03, 'volume_lookback': 40, 'macro_lower': 0.95, 'macro_upper': 1.05, 'max_trades': 15}",-2.517965257193753,0.11536082803364889,1.1536082803364889,1474.9423731594945,15
"{'ma_type': 'EMA', 'fast_ma_window': 9, 'slow_ma_window': 50, 'momentum_window': 15, 'proportional_momentum': False, 'num_stocks': 5, 'use_trailing_stop': True, 'trailing_stop_pct': 0.05, 'vol_lookback': 20, 'low_vol_threshold': 0.01, 'high_vol_threshold': 0.03, 'volume_lookback': 40, 'macro_lower': 0.95, 'macro_upper': 1.05, 'max_trades': 15}",-2.591449881440337,0.11196973660719145,1.1196973660719145,1479.9935076504842,15
"{'ma_type': 'EMA', 'fast_ma_window': 9, 'slow_ma_window': 50, 'momentum_window': 10, 'proportional_momentum': False, 'num_stocks': 5, 'use_trailing_stop': True, 'trailing_stop_pct': 0.02, 'vol_lookback': 20, 'low_vol_threshold': 0.01, 'high_vol_threshold': 0.03, 'volume_lookback': 40, 'macro_lower': 0.95, 'macro_upper': 1.05, 'max_trades': 15}",-2.591449881440342,0.11196973660719123,1.1196973660719123,1479.993507650484,15
"{'ma_type': 'EMA', 'fast_ma_window': 9, 'slow_ma_window': 50, 'momentum_window': 10, 'proportional_momentum': False, 'num_stocks': 5, 'use_trailing_stop': True, 'trailing_stop_pct': 0.03, 'vol_lookback': 20, 'low_vol_threshold': 0.01, 'high_vol_threshold': 0.03, 'volume_lookback': 40, 'macro_lower': 0.95, 'macro_upper': 1.05, 'max_trades': 15}",-2.591449881440342,0.11196973660719123,1.1196973660719123,1479.993507650484,15
"{'ma_type': 'EMA', 'fast_ma_window': 9, 'slow_ma_window': 50, 'momentum_window': 10, 'proportional_momentum': False, 'num_stocks': 5, 'use_trailing_stop': True, 'trailing_stop_pct': 0.05, 'vol_lookback': 20, 'low_vol_threshold': 0.01, 'high_vol_threshold': 0.03, 'volume_lookback': 40, 'macro_lower': 0.95, 'macro_upper': 1.05, 'max_trades': 15}",-2.591449881440342,0.11196973660719123,1.1196973660719123,1479.993507650484,15
"{'ma_type': 'EMA', 'fast_ma_window': 9, 'slow_ma_window': 50, 'momentum_window': 15, 'proportional_momentum': False, 'num_stocks': 5, 'use_trailing_stop': True, 'trailing_stop_pct': 0.02, 'vol_lookback': 20, 'low_vol_threshold': 0.01, 'high_vol_threshold': 0.03, 'volume_lookback': 40, 'macro_lower': 0.95, 'macro_upper': 1.05, 'max_trades': 15}",-2.591449881440342,0.11196973660719123,1.1196973660719123,1479.993507650484,15
"{'ma_type': 'EMA', 'fast_ma_window': 9, 'slow_ma_window': 50, 'momentum_window': 15, 'proportional_momentum': False, 'num_stocks': 5, 'use_trailing_stop': True, 'trailing_stop_pct': 0.03, 'vol_lookback': 20, 'low_vol_threshold': 0.01, 'high_vol_threshold': 0.03, 'volume_lookback': 40, 'macro_lower': 0.95, 'macro_upper': 1.05, 'max_trades': 15}",-2.591449881440342,0.11196973660719123,1.1196973660719123,1479.993507650484,15
"{'ma_type': 'EMA', 'fast_ma_window': 12, 'slow_ma_window': 50, 'momentum_window': 10, 'proportional_momentum': False, 'num_stocks': 5, 'use_trailing_stop': True, 'trailing_stop_pct': 0.02, 'vol_lookback': 20, 'low_vol_threshold': 0.01, 'high_vol_threshold': 0.03, 'volume_lookback': 40, 'macro_lower': 0.95, 'macro_upper': 1.05, 'max_trades': 15}",-3.0875861264294615,0.08824595198130991,0.8824595198130991,1475.4059109552027,15
"{'ma_type': 'EMA', 'fast_ma_window': 12, 'slow_ma_window': 50, 'momentum_window': 10, 'proportional_momentum': False, 'num_stocks': 5, 'use_trailing_stop': True, 'trailing_stop_pct': 0.03, 'vol_lookback': 20, 'low_vol_threshold': 0.01, 'high_vol_threshold': 0.03, 'volume_lookback': 40, 'macro_lower': 0.95, 'macro_upper': 1.05, 'max_trades': 15}",-3.0875861264294615,0.08824595198130991,0.8824595198130991,1475.4059109552027,15
"{'ma_type': 'EMA', 'fast_ma_window': 12, 'slow_ma_window': 50, 'momentum_window': 10, 'proportional_momentum': False, 'num_stocks': 5, 'use_trailing_stop': True, 'trailing_stop_pct': 0.05, 'vol_lookback': 20, 'low_vol_threshold': 0.01, 'high_vol_threshold': 0.03, 'volume_lookback': 40, 'macro_lower': 0.95, 'macro_upper': 1.05, 'max_trades': 15}",-3.0875861264294615,0.08824595198130991,0.8824595198130991,1475.4059109552027,15
"{'ma_type': 'EMA', 'fast_ma_window': 12, 'slow_ma_window': 50, 'momentum_window': 15, 'proportional_momentum': False, 'num_stocks': 5, 'use_trailing_stop': True, 'trailing_stop_pct': 0.02, 'vol_lookback': 20, 'low_vol_threshold': 0.01, 'high_vol_threshold': 0.03, 'volume_lookback': 40, 'macro_lower': 0.95, 'macro_upper': 1.05, 'max_trades': 15}",-3.0875861264294615,0.08824595198130991,0.8824595198130991,1475.4059109552027,15
"{'ma_type': 'EMA', 'fast_ma_window': 12, 'slow_ma_window': 50, 'momentum_window': 15, 'proportional_momentum': False, 'num_stocks': 5, 'use_trailing_stop': True, 'trailing_stop_pct': 0.03, 'vol_lookback': 20, 'low_vol_threshold': 0.01, 'high_vol_threshold': 0.03, 'volume_lookback': 40, 'macro_lower': 0.95, 'macro_upper': 1.05, 'max_trades': 15}",-3.0875861264294615,0.08824595198130991,0.8824595198130991,1475.4059109552027,15
"{'ma_type': 'EMA', 'fast_ma_window': 12, 'slow_ma_window': 50, 'momentum_window': 15, 'proportional_momentum': False, 'num_stocks': 5, 'use_trailing_stop': True, 'trailing_stop_pct': 0.05, 'vol_lookback': 20, 'low_vol_threshold': 0.01, 'high_vol_threshold': 0.03, 'volume_lookback': 40, 'macro_lower': 0.95, 'macro_upper': 1.05, 'max_trades': 15}",-3.0875861264294615,0.08824595198130991,0.8824595198130991,1475.4059109552027,15
"{'ma_type': 'EMA', 'fast_ma_window': 9, 'slow_ma_window': 50, 'momentum_window': 10, 'proportional_momentum': False, 'num_stocks': 4, 'use_trailing_stop': True, 'trailing_stop_pct': 0.02, 'vol_lookback': 20, 'low_vol_threshold': 0.01, 'high_vol_threshold': 0.03, 'volume_lookback': 40, 'macro_lower': 0.95, 'macro_upper': 1.05, 'max_trades': 20}",-3.296112479415095,0.09884706857457881,0.9884706857457881,2434.06749446656,20
"{'ma_type': 'EMA', 'fast_ma_window': 9, 'slow_ma_window': 50, 'momentum_window': 10, 'proportional_momentum': False, 'num_stocks': 4, 'use_trailing_stop': True, 'trailing_stop_pct': 0.03, 'vol_lookback': 20, 'low_vol_threshold': 0.01, 'high_vol_threshold': 0.03, 'volume_lookback': 40, 'macro_lower': 0.95, 'macro_upper': 1.05, 'max_trades': 20}",-3.296112479415095,0.09884706857457881,0.9884706857457881,2434.06749446656,20
"{'ma_type': 'EMA', 'fast_ma_window': 9, 'slow_ma_window': 50, 'momentum_window': 10, 'proportional_momentum': False, 'num_stocks': 4, 'use_trailing_stop': True, 'trailing_stop_pct': 0.05, 'vol_lookback': 20, 'low_vol_threshold': 0.01, 'high_vol_threshold': 0.03, 'volume_lookback': 40, 'macro_lower': 0.95, 'macro_upper': 1.05, 'max_trades': 20}",-3.296112479415095,0.09884706857457881,0.9884706857457881,2434.06749446656,20
"{'ma_type': 'EMA', 'fast_ma_window': 9, 'slow_ma_window': 50, 'momentum_window': 15, 'proportional_momentum': False, 'num_stocks': 4, 'use_trailing_stop': True, 'trailing_stop_pct': 0.02, 'vol_lookback': 20, 'low_vol_threshold': 0.01, 'high_vol_threshold': 0.03, 'volume_lookback': 40, 'macro_lower': 0.95, 'macro_upper': 1.05, 'max_trades': 20}",-3.30846822364221,0.09821899017836655,0.9821899017836655,2432.213313162014,20
"{'ma_type': 'EMA', 'fast_ma_window': 9, 'slow_ma_window': 50, 'momentum_window': 15, 'proportional_momentum': False, 'num_stocks': 4, 'use_trailing_stop': True, 'trailing_stop_pct': 0.03, 'vol_lookback': 20, 'low_vol_threshold': 0.01, 'high_vol_threshold': 0.03, 'volume_lookback': 40, 'macro_lower': 0.95, 'macro_upper': 1.05, 'max_trades': 20}",-3.30846822364221,0.09821899017836655,0.9821899017836655,2432.213313162014,20
"{'ma_type': 'EMA', 'fast_ma_window': 9, 'slow_ma_window': 50, 'momentum_window': 15, 'proportional_momentum': False, 'num_stocks': 4, 'use_trailing_stop': True, 'trailing_stop_pct': 0.05, 'vol_lookback': 20, 'low_vol_threshold': 0.01, 'high_vol_threshold': 0.03, 'volume_lookback': 40, 'macro_lower': 0.95, 'macro_upper': 1.05, 'max_trades': 20}",-3.3084682236422105,0.09821899017836655,0.9821899017836655,2432.2133131620144,20
"{'ma_type': 'EMA', 'fast_ma_window': 5, 'slow_ma_window': 40, 'momentum_window': 10, 'proportional_momentum': False, 'num_stocks': 4, 'use_trailing_stop': True, 'trailing_stop_pct': 0.02, 'vol_lookback': 20, 'low_vol_threshold': 0.01, 'high_vol_threshold': 0.03, 'volume_lookback': 40, 'macro_lower': 0.95, 'macro_upper': 1.05, 'max_trades': 20}",-3.4705540759525153,0.09069162366713801,0.9069162366713801,2441.1321175819267,20
"{'ma_type': 'EMA', 'fast_ma_window': 5, 'slow_ma_window': 40, 'momentum_window': 15, 'proportional_momentum': False, 'num_stocks': 4, 'use_trailing_stop': True, 'trailing_stop_pct': 0.02, 'vol_lookback': 20, 'low_vol_threshold': 0.01, 'high_vol_threshold': 0.03, 'volume_lookback': 40, 'macro_lower': 0.95, 'macro_upper': 1.05, 'max_trades': 20}",-3.4705540759525153,0.09069162366713801,0.9069162366713801,2441.1321175819267,20
"{'ma_type': 'EMA', 'fast_ma_window': 5, 'slow_ma_window': 50, 'momentum_window': 15, 'proportional_momentum': False, 'num_stocks': 4, 'use_trailing_stop': True, 'trailing_stop_pct': 0.05, 'vol_lookback': 20, 'low_vol_threshold': 0.01, 'high_vol_threshold': 0.03, 'volume_lookback': 40, 'macro_lower': 0.95, 'macro_upper': 1.05, 'max_trades': 15}",-3.8689370470026923,0.05943510881210812,0.5943510881210812,1867.4605773286564,15
"{'ma_type': 'EMA', 'fast_ma_window': 5, 'slow_ma_window': 40, 'momentum_window': 10, 'proportional_momentum': False, 'num_stocks': 4, 'use_trailing_stop': True, 'trailing_stop_pct': 0.03, 'vol_lookback': 20, 'low_vol_threshold': 0.01, 'high_vol_threshold': 0.03, 'volume_lookback': 40, 'macro_lower': 0.95, 'macro_upper': 1.05, 'max_trades': 20}",-3.888273564232999,0.070312841713005,0.70312841713005,2418.3747445982726,20
"{'ma_type': 'EMA', 'fast_ma_window': 5, 'slow_ma_window': 40, 'momentum_window': 15, 'proportional_momentum': False, 'num_stocks': 4, 'use_trailing_stop': True, 'trailing_stop_pct': 0.03, 'vol_lookback': 20, 'low_vol_threshold': 0.01, 'high_vol_threshold': 0.03, 'volume_lookback': 40, 'macro_lower': 0.95, 'macro_upper': 1.05, 'max_trades': 20}",-3.888273564232999,0.070312841713005,0.70312841713005,2418.374744598273,20
"{'ma_type': 'EMA', 'fast_ma_window': 5, 'slow_ma_window': 50, 'momentum_window': 10, 'proportional_momentum': False, 'num_stocks': 4, 'use_trailing_stop': True, 'trailing_stop_pct': 0.05, 'vol_lookback': 20, 'low_vol_threshold': 0.01, 'high_vol_threshold': 0.03, 'volume_lookback': 40, 'macro_lower': 0.95, 'macro_upper': 1.05, 'max_trades': 15}",-3.993045832001802,0.05321392917268164,0.5321392917268164,1852.9278092806173,15
"{'ma_type': 'EMA', 'fast_ma_window': 5, 'slow_ma_window': 40, 'momentum_window': 10, 'proportional_momentum': False, 'num_stocks': 4, 'use_trailing_stop': True, 'trailing_stop_pct': 0.05, 'vol_lookback': 20, 'low_vol_threshold': 0.01, 'high_vol_threshold': 0.03, 'volume_lookback': 40, 'macro_lower': 0.95, 'macro_upper': 1.05, 'max_trades': 20}",-4.082521959610154,0.06082083705456176,0.6082083705456176,2407.071132200357,20
"{'ma_type': 'EMA', 'fast_ma_window': 5, 'slow_ma_window': 40, 'momentum_window': 15, 'proportional_momentum': False, 'num_stocks': 4, 'use_trailing_stop': True, 'trailing_stop_pct': 0.05, 'vol_lookback': 20, 'low_vol_threshold': 0.01, 'high_vol_threshold': 0.03, 'volume_lookback': 40, 'macro_lower': 0.95, 'macro_upper': 1.05, 'max_trades': 20}",-4.082521959610154,0.06082083705456176,0.6082083705456176,2407.071132200357,20
"{'ma_type': 'EMA', 'fast_ma_window': 5, 'slow_ma_window': 50, 'momentum_window': 15, 'proportional_momentum': False, 'num_stocks': 4, 'use_trailing_stop': True, 'trailing_stop_pct': 0.03, 'vol_lookback': 20, 'low_vol_threshold': 0.01, 'high_vol_threshold': 0.03, 'volume_lookback': 40, 'macro_lower': 0.95, 'macro_upper': 1.05, 'max_trades': 15}",-4.08917985053372,0.04848820183532321,0.4848820183532321,1846.02105005939,15
"{'ma_type': 'EMA', 'fast_ma_window': 9, 'slow_ma_window': 40, 'momentum_window': 10, 'proportional_momentum': False, 'num_stocks': 4, 'use_trailing_stop': True, 'trailing_stop_pct': 0.02, 'vol_lookback': 20, 'low_vol_threshold': 0.01, 'high_vol_threshold': 0.03, 'volume_lookback': 40, 'macro_lower': 0.95, 'macro_upper': 1.05, 'max_trades': 15}",-4.111792544222615,0.046715410819241576,0.46715410819241576,1813.5225571672413,15
"{'ma_type': 'EMA', 'fast_ma_window': 9, 'slow_ma_window': 40, 'momentum_window': 15, 'proportional_momentum': False, 'num_stocks': 4, 'use_trailing_stop': True, 'trailing_stop_pct': 0.02, 'vol_lookback': 20, 'low_vol_threshold': 0.01, 'high_vol_threshold': 0.03, 'volume_lookback': 40, 'macro_lower': 0.95, 'macro_upper': 1.05, 'max_trades': 15}",-4.111792544222615,0.046715410819241576,0.46715410819241576,1813.5225571672413,15
"{'ma_type': 'EMA', 'fast_ma_window': 9, 'slow_ma_window': 40, 'momentum_window': 15, 'proportional_momentum': False, 'num_stocks': 4, 'use_trailing_stop': True, 'trailing_stop_pct': 0.03, 'vol_lookback': 20, 'low_vol_threshold': 0.01, 'high_vol_threshold': 0.03, 'volume_lookback': 40, 'macro_lower': 0.95, 'macro_upper': 1.05, 'max_trades': 15}",-4.196591676823068,0.04256724651332289,0.4256724651332289,1808.3811184859353,15
"{'ma_type': 'EMA', 'fast_ma_window': 9, 'slow_ma_window': 40, 'momentum_window': 10, 'proportional_momentum': False, 'num_stocks': 4, 'use_trailing_stop': True, 'trailing_stop_pct': 0.03, 'vol_lookback': 20, 'low_vol_threshold': 0.01, 'high_vol_threshold': 0.03, 'volume_lookback': 40, 'macro_lower': 0.95, 'macro_upper': 1.05, 'max_trades': 15}",-4.196591676823073,0.042567246513322665,0.42567246513322665,1808.3811184859353,15
"{'ma_type': 'EMA', 'fast_ma_window': 12, 'slow_ma_window': 40, 'momentum_window': 10, 'proportional_momentum': False, 'num_stocks': 4, 'use_trailing_stop': True, 'trailing_stop_pct': 0.02, 'vol_lookback': 20, 'low_vol_threshold': 0.01, 'high_vol_threshold': 0.03, 'volume_lookback': 40, 'macro_lower': 0.95, 'macro_upper': 1.05, 'max_trades': 15}",-4.2084542178427595,0.04289582392265778,0.42895823922657783,1850.0999077059982,15
"{'ma_type': 'EMA', 'fast_ma_window': 12, 'slow_ma_window': 40, 'momentum_window': 15, 'proportional_momentum': False, 'num_stocks': 4, 'use_trailing_stop': True, 'trailing_stop_pct': 0.02, 'vol_lookback': 20, 'low_vol_threshold': 0.01, 'high_vol_threshold': 0.03, 'volume_lookback': 40, 'macro_lower': 0.95, 'macro_upper': 1.05, 'max_trades': 15}",-4.2084542178427595,0.04289582392265778,0.42895823922657783,1850.0999077059982,15
"{'ma_type': 'EMA', 'fast_ma_window': 12, 'slow_ma_window': 40, 'momentum_window': 15, 'proportional_momentum': False, 'num_stocks': 4, 'use_trailing_stop': True, 'trailing_stop_pct': 0.02, 'vol_lookback': 20, 'low_vol_threshold': 0.01, 'high_vol_threshold': 0.03, 'volume_lookback': 40, 'macro_lower': 0.95, 'macro_upper': 1.05, 'max_trades': 20}",-4.222822152680693,0.0552137001794577,0.552137001794577,2457.21176581503,20
"{'ma_type': 'EMA', 'fast_ma_window': 9, 'slow_ma_window': 40, 'momentum_window': 10, 'proportional_momentum': False, 'num_stocks': 4, 'use_trailing_stop': True, 'trailing_stop_pct': 0.05, 'vol_lookback': 20, 'low_vol_threshold': 0.01, 'high_vol_threshold': 0.03, 'volume_lookback': 40, 'macro_lower': 0.95, 'macro_upper': 1.05, 'max_trades': 15}",-4.270608376328466,0.038955244368162,0.38955244368162,1804.3002276711186,15
"{'ma_type': 'EMA', 'fast_ma_window': 9, 'slow_ma_window': 40, 'momentum_window': 15, 'proportional_momentum': False, 'num_stocks': 4, 'use_trailing_stop': True, 'trailing_stop_pct': 0.05, 'vol_lookback': 20, 'low_vol_threshold': 0.01, 'high_vol_threshold': 0.03, 'volume_lookback': 40, 'macro_lower': 0.95, 'macro_upper': 1.05, 'max_trades': 15}",-4.270608376328466,0.038955244368162,0.38955244368162,1804.3002276711186,15
"{'ma_type': 'EMA', 'fast_ma_window': 9, 'slow_ma_window': 40, 'momentum_window': 10, 'proportional_momentum': False, 'num_stocks': 4, 'use_trailing_stop': True, 'trailing_stop_pct': 0.02, 'vol_lookback': 20, 'low_vol_threshold': 0.01, 'high_vol_threshold': 0.03, 'volume_lookback': 40, 'macro_lower': 0.95, 'macro_upper': 1.05, 'max_trades': 20}",-4.327385755696861,0.04955998220796176,0.4955998220796176,2425.7170570194335,20
"{'ma_type': 'EMA', 'fast_ma_window': 9, 'slow_ma_window': 40, 'momentum_window': 15, 'proportional_momentum': False, 'num_stocks': 4, 'use_trailing_stop': True, 'trailing_stop_pct': 0.02, 'vol_lookback': 20, 'low_vol_threshold': 0.01, 'high_vol_threshold': 0.03, 'volume_lookback': 40, 'macro_lower': 0.95, 'macro_upper': 1.05, 'max_trades': 20}",-4.327385755696861,0.04955998220796176,0.4955998220796176,2425.7170570194335,20
"{'ma_type': 'EMA', 'fast_ma_window': 12, 'slow_ma_window': 50, 'momentum_window': 10, 'proportional_momentum': False, 'num_stocks': 4, 'use_trailing_stop': True, 'trailing_stop_pct': 0.05, 'vol_lookback': 20, 'low_vol_threshold': 0.01, 'high_vol_threshold': 0.03, 'volume_lookback': 40, 'macro_lower': 0.95, 'macro_upper': 1.05, 'max_trades': 15}",-4.3520660698071305,0.035838311607909956,0.35838311607909956,1839.8809092800993,15
"{'ma_type': 'EMA', 'fast_ma_window': 12, 'slow_ma_window': 50, 'momentum_window': 15, 'proportional_momentum': False, 'num_stocks': 4, 'use_trailing_stop': True, 'trailing_stop_pct': 0.05, 'vol_lookback': 20, 'low_vol_threshold': 0.01, 'high_vol_threshold': 0.03, 'volume_lookback': 40, 'macro_lower': 0.95, 'macro_upper': 1.05, 'max_trades': 15}",-4.3520660698071305,0.035838311607909956,0.35838311607909956,1839.8809092800993,15
"{'ma_type': 'EMA', 'fast_ma_window': 12, 'slow_ma_window': 40, 'momentum_window': 10, 'proportional_momentum': False, 'num_stocks': 4, 'use_trailing_stop': True, 'trailing_stop_pct': 0.03, 'vol_lookback': 20, 'low_vol_threshold': 0.01, 'high_vol_threshold': 0.03, 'volume_lookback': 40, 'macro_lower': 0.95, 'macro_upper': 1.05, 'max_trades': 15}",-4.357902265425351,0.03558160419551504,0.3558160419551504,1840.8711226765504,15
"{'ma_type': 'EMA', 'fast_ma_window': 12, 'slow_ma_window': 40, 'momentum_window': 15, 'proportional_momentum': False, 'num_stocks': 4, 'use_trailing_stop': True, 'trailing_stop_pct': 0.03, 'vol_lookback': 20, 'low_vol_threshold': 0.01, 'high_vol_threshold': 0.03, 'volume_lookback': 40, 'macro_lower': 0.95, 'macro_upper': 1.05, 'max_trades': 15}",-4.357902265425351,0.03558160419551504,0.3558160419551504,1840.8711226765504,15
"{'ma_type': 'EMA', 'fast_ma_window': 12, 'slow_ma_window': 40, 'momentum_window': 15, 'proportional_momentum': False, 'num_stocks': 4, 'use_trailing_stop': True, 'trailing_stop_pct': 0.03, 'vol_lookback': 20, 'low_vol_threshold': 0.01, 'high_vol_threshold': 0.03, 'volume_lookback': 40, 'macro_lower': 0.95, 'macro_upper': 1.05, 'max_trades': 20}",-4.363873738661127,0.048196797497099375,0.48196797497099375,2443.1962218438257,20
"{'ma_type': 'EMA', 'fast_ma_window': 9, 'slow_ma_window': 40, 'momentum_window': 15, 'proportional_momentum': False, 'num_stocks': 4, 'use_trailing_stop': True, 'trailing_stop_pct': 0.03, 'vol_lookback': 20, 'low_vol_threshold': 0.01, 'high_vol_threshold': 0.03, 'volume_lookback': 40, 'macro_lower': 0.95, 'macro_upper': 1.05, 'max_trades': 20}",-4.416915577505504,0.0451296503716343,0.451296503716343,2417.9189162113953,20
"{'ma_type': 'EMA', 'fast_ma_window': 9, 'slow_ma_window': 40, 'momentum_window': 10, 'proportional_momentum': False, 'num_stocks': 4, 'use_trailing_stop': True, 'trailing_stop_pct': 0.03, 'vol_lookback': 20, 'low_vol_threshold': 0.01, 'high_vol_threshold': 0.03, 'volume_lookback': 40, 'macro_lower': 0.95, 'macro_upper': 1.05, 'max_trades': 20}",-4.416915577505513,0.045129650371633856,0.45129650371633856,2417.9189162113953,20
"{'ma_type': 'EMA', 'fast_ma_window': 9, 'slow_ma_window': 40, 'momentum_window': 10, 'proportional_momentum': False, 'num_stocks': 4, 'use_trailing_stop': True, 'trailing_stop_pct': 0.05, 'vol_lookback': 20, 'low_vol_threshold': 0.01, 'high_vol_threshold': 0.03, 'volume_lookback': 40, 'macro_lower': 0.95, 'macro_upper': 1.05, 'max_trades': 20}",-4.486753211611867,0.04168255908850749,0.41682559088507487,2412.246138818211,20
"{'ma_type': 'EMA', 'fast_ma_window': 9, 'slow_ma_window': 40, 'momentum_window': 15, 'proportional_momentum': False, 'num_stocks': 4, 'use_trailing_stop': True, 'trailing_stop_pct': 0.05, 'vol_lookback': 20, 'low_vol_threshold': 0.01, 'high_vol_threshold': 0.03, 'volume_lookback': 40, 'macro_lower': 0.95, 'macro_upper': 1.05, 'max_trades': 20}",-4.486753211611867,0.04168255908850749,0.41682559088507487,2412.246138818211,20
"{'ma_type': 'EMA', 'fast_ma_window': 12, 'slow_ma_window': 40, 'momentum_window': 10, 'proportional_momentum': False, 'num_stocks': 4, 'use_trailing_stop': True, 'trailing_stop_pct': 0.05, 'vol_lookback': 20, 'low_vol_threshold': 0.01, 'high_vol_threshold': 0.03, 'volume_lookback': 40, 'macro_lower': 0.95, 'macro_upper': 1.05, 'max_trades': 15}",-4.6789713366227135,0.019848752658465196,0.19848752658465196,1820.146299238649,15
"{'ma_type': 'EMA', 'fast_ma_window': 12, 'slow_ma_window': 40, 'momentum_window': 15, 'proportional_momentum': False, 'num_stocks': 4, 'use_trailing_stop': True, 'trailing_stop_pct': 0.05, 'vol_lookback': 20, 'low_vol_threshold': 0.01, 'high_vol_threshold': 0.03, 'volume_lookback': 40, 'macro_lower': 0.95, 'macro_upper': 1.05, 'max_trades': 15}",-4.6789713366227135,0.019848752658465196,0.19848752658465196,1820.146299238649,15
"{'ma_type': 'EMA', 'fast_ma_window': 12, 'slow_ma_window': 40, 'momentum_window': 15, 'proportional_momentum': False, 'num_stocks': 4, 'use_trailing_stop': True, 'trailing_stop_pct': 0.05, 'vol_lookback': 20, 'low_vol_threshold': 0.01, 'high_vol_threshold': 0.03, 'volume_lookback': 40, 'macro_lower': 0.95, 'macro_upper': 1.05, 'max_trades': 20}",-4.68867538101678,0.032101923586542735,0.32101923586542735,2413.8666786790436,20
"{'ma_type': 'EMA', 'fast_ma_window': 9, 'slow_ma_window': 50, 'momentum_window': 10, 'proportional_momentum': False, 'num_stocks': 4, 'use_trailing_stop': True, 'trailing_stop_pct': 0.02, 'vol_lookback': 20, 'low_vol_threshold': 0.01, 'high_vol_threshold': 0.03, 'volume_lookback': 40, 'macro_lower': 0.95, 'macro_upper': 1.05, 'max_trades': 15}",-4.7795970552409015,0.015437850451230695,0.15437850451230695,1837.9271223726848,15
"{'ma_type': 'EMA', 'fast_ma_window': 9, 'slow_ma_window': 50, 'momentum_window': 10, 'proportional_momentum': False, 'num_stocks': 4, 'use_trailing_stop': True, 'trailing_stop_pct': 0.03, 'vol_lookback': 20, 'low_vol_threshold': 0.01, 'high_vol_threshold': 0.03, 'volume_lookback': 40, 'macro_lower': 0.95, 'macro_upper': 1.05, 'max_trades': 15}",-4.7795970552409015,0.015437850451230695,0.15437850451230695,1837.9271223726848,15
"{'ma_type': 'EMA', 'fast_ma_window': 9, 'slow_ma_window': 50, 'momentum_window': 10, 'proportional_momentum': False, 'num_stocks': 4, 'use_trailing_stop': True, 'trailing_stop_pct': 0.05, 'vol_lookback': 20, 'low_vol_threshold': 0.01, 'high_vol_threshold': 0.03, 'volume_lookback': 40, 'macro_lower': 0.95, 'macro_upper': 1.05, 'max_trades': 15}",-4.7795970552409015,0.015437850451230695,0.15437850451230695,1837.9271223726848,15
"{'ma_type': 'EMA', 'fast_ma_window': 9, 'slow_ma_window': 50, 'momentum_window': 15, 'proportional_momentum': False, 'num_stocks': 4, 'use_trailing_stop': True, 'trailing_stop_pct': 0.02, 'vol_lookback': 20, 'low_vol_threshold': 0.01, 'high_vol_threshold': 0.03, 'volume_lookback': 40, 'macro_lower': 0.95, 'macro_upper': 1.05, 'max_trades': 15}",-4.792856741513765,0.014774680101562465,0.14774680101562465,1836.4442900781644,15
"{'ma_type': 'EMA', 'fast_ma_window': 9, 'slow_ma_window': 50, 'momentum_window': 15, 'proportional_momentum': False, 'num_stocks': 4, 'use_trailing_stop': True, 'trailing_stop_pct': 0.03, 'vol_lookback': 20, 'low_vol_threshold': 0.01, 'high_vol_threshold': 0.03, 'volume_lookback': 40, 'macro_lower': 0.95, 'macro_upper': 1.05, 'max_trades': 15}",-4.792856741513765,0.014774680101562465,0.14774680101562465,1836.4442900781644,15
"{'ma_type': 'EMA', 'fast_ma_window': 9, 'slow_ma_window': 50, 'momentum_window': 15, 'proportional_momentum': False, 'num_stocks': 4, 'use_trailing_stop': True, 'trailing_stop_pct': 0.05, 'vol_lookback': 20, 'low_vol_threshold': 0.01, 'high_vol_threshold': 0.03, 'volume_lookback': 40, 'macro_lower': 0.95, 'macro_upper': 1.05, 'max_trades': 15}",-4.792856741513765,0.014774680101562465,0.14774680101562465,1836.4442900781646,15
"{'ma_type': 'EMA', 'fast_ma_window': 5, 'slow_ma_window': 50, 'momentum_window': 10, 'proportional_momentum': False, 'num_stocks': 4, 'use_trailing_stop': True, 'trailing_stop_pct': 0.02, 'vol_lookback': 20, 'low_vol_threshold': 0.01, 'high_vol_threshold': 0.03, 'volume_lookback': 40, 'macro_lower': 0.95, 'macro_upper': 1.05, 'max_trades': 15}",-5.100392993573501,0.0011149624136885805,0.011149624136885805,1882.431118674248,15
"{'ma_type': 'EMA', 'fast_ma_window': 12, 'slow_ma_window': 50, 'momentum_window': 10, 'proportional_momentum': False, 'num_stocks': 4, 'use_trailing_stop': True, 'trailing_stop_pct': 0.02, 'vol_lookback': 20, 'low_vol_threshold': 0.01, 'high_vol_threshold': 0.03, 'volume_lookback': 40, 'macro_lower': 0.95, 'macro_upper': 1.05, 'max_trades': 15}",-5.120404322601158,-0.0007678839764782008,-0.007678839764782008,1839.0096208479902,15
"{'ma_type': 'EMA', 'fast_ma_window': 12, 'slow_ma_window': 50, 'momentum_window': 15, 'proportional_momentum': False, 'num_stocks': 4, 'use_trailing_stop': True, 'trailing_stop_pct': 0.02, 'vol_lookback': 20, 'low_vol_threshold': 0.01, 'high_vol_threshold': 0.03, 'volume_lookback': 40, 'macro_lower': 0.95, 'macro_upper': 1.05, 'max_trades': 15}",-5.120404322601158,-0.0007678839764782008,-0.007678839764782008,1839.0096208479902,15
"{'ma_type': 'EMA', 'fast_ma_window': 12, 'slow_ma_window': 50, 'momentum_window': 10, 'proportional_momentum': False, 'num_stocks': 4, 'use_trailing_stop': True, 'trailing_stop_pct': 0.03, 'vol_lookback': 20, 'low_vol_threshold': 0.01, 'high_vol_threshold': 0.03, 'volume_lookback': 40, 'macro_lower': 0.95, 'macro_upper': 1.05, 'max_trades': 15}",-5.29207217322739,-0.009031475794827992,-0.09031475794827992,1834.8570621453016,15
"{'ma_type': 'EMA', 'fast_ma_window': 12, 'slow_ma_window': 50, 'momentum_window': 15, 'proportional_momentum': False, 'num_stocks': 4, 'use_trailing_stop': True, 'trailing_stop_pct': 0.03, 'vol_lookback': 20, 'low_vol_threshold': 0.01, 'high_vol_threshold': 0.03, 'volume_lookback': 40, 'macro_lower': 0.95, 'macro_upper': 1.05, 'max_trades': 15}",-5.29207217322739,-0.009031475794827992,-0.09031475794827992,1834.8570621453016,15
"{'ma_type': 'EMA', 'fast_ma_window': 5, 'slow_ma_window': 50, 'momentum_window': 10, 'proportional_momentum': False, 'num_stocks': 5, 'use_trailing_stop': True, 'trailing_stop_pct': 0.02, 'vol_lookback': 20, 'low_vol_threshold': 0.01, 'high_vol_threshold': 0.03, 'volume_lookback': 40, 'macro_lower': 0.95, 'macro_upper': 1.05, 'max_trades': 20}",-5.295603885992402,-0.00576715942870798,-0.0576715942870798,1995.1321817197304,20
"{'ma_type': 'EMA', 'fast_ma_window': 5, 'slow_ma_window': 50, 'momentum_window': 15, 'proportional_momentum': False, 'num_stocks': 5, 'use_trailing_stop': True, 'trailing_stop_pct': 0.02, 'vol_lookback': 20, 'low_vol_threshold': 0.01, 'high_vol_threshold': 0.03, 'volume_lookback': 40, 'macro_lower': 0.95, 'macro_upper': 1.05, 'max_trades': 20}",-5.295603885992407,-0.005767159428708202,-0.05767159428708202,1995.1321817197304,20
"{'ma_type': 'EMA', 'fast_ma_window': 5, 'slow_ma_window': 40, 'momentum_window': 10, 'proportional_momentum': False, 'num_stocks': 5, 'use_trailing_stop': True, 'trailing_stop_pct': 0.05, 'vol_lookback': 20, 'low_vol_threshold': 0.01, 'high_vol_threshold': 0.03, 'volume_lookback': 40, 'macro_lower': 0.95, 'macro_upper': 1.05, 'max_trades': 20}",-5.38026658327903,-0.011183792184051522,-0.11183792184051522,1930.4581475749155,20
"{'ma_type': 'EMA', 'fast_ma_window': 5, 'slow_ma_window': 40, 'momentum_window': 15, 'proportional_momentum': False, 'num_stocks': 5, 'use_trailing_stop': True, 'trailing_stop_pct': 0.05, 'vol_lookback': 20, 'low_vol_threshold': 0.01, 'high_vol_threshold': 0.03, 'volume_lookback': 40, 'macro_lower': 0.95, 'macro_upper': 1.05, 'max_trades': 20}",-5.38026658327903,-0.011183792184051522,-0.11183792184051522,1930.4581475749155,20
"{'ma_type': 'EMA', 'fast_ma_window': 5, 'slow_ma_window': 40, 'momentum_window': 10, 'proportional_momentum': False, 'num_stocks': 5, 'use_trailing_stop': True, 'trailing_stop_pct': 0.02, 'vol_lookback': 20, 'low_vol_threshold': 0.01, 'high_vol_threshold': 0.03, 'volume_lookback': 40, 'macro_lower': 0.95, 'macro_upper': 1.05, 'max_trades': 20}",-5.392198860527613,-0.011758177360343791,-0.11758177360343791,1930.1695118079344,20
"{'ma_type': 'EMA', 'fast_ma_window': 5, 'slow_ma_window': 40, 'momentum_window': 15, 'proportional_momentum': False, 'num_stocks': 5, 'use_trailing_stop': True, 'trailing_stop_pct': 0.02, 'vol_lookback': 20, 'low_vol_threshold': 0.01, 'high_vol_threshold': 0.03, 'volume_lookback': 40, 'macro_lower': 0.95, 'macro_upper': 1.05, 'max_trades': 20}",-5.392198860527613,-0.011758177360343791,-0.11758177360343791,1930.1695118079344,20
"{'ma_type': 'EMA', 'fast_ma_window': 5, 'slow_ma_window': 50, 'momentum_window': 10, 'proportional_momentum': False, 'num_stocks': 5, 'use_trailing_stop': True, 'trailing_stop_pct': 0.05, 'vol_lookback': 20, 'low_vol_threshold': 0.01, 'high_vol_threshold': 0.03, 'volume_lookback': 40, 'macro_lower': 0.95, 'macro_upper': 1.05, 'max_trades': 20}",-5.398975607033847,-0.01074317389577728,-0.1074317389577728,1992.6316719372835,20
"{'ma_type': 'EMA', 'fast_ma_window': 5, 'slow_ma_window': 50, 'momentum_window': 15, 'proportional_momentum': False, 'num_stocks': 5, 'use_trailing_stop': True, 'trailing_stop_pct': 0.05, 'vol_lookback': 20, 'low_vol_threshold': 0.01, 'high_vol_threshold': 0.03, 'volume_lookback': 40, 'macro_lower': 0.95, 'macro_upper': 1.05, 'max_trades': 20}",-5.398975607033856,-0.010743173895777725,-0.10743173895777725,1992.6316719372833,20
"{'ma_type': 'EMA', 'fast_ma_window': 12, 'slow_ma_window': 50, 'momentum_window': 10, 'proportional_momentum': False, 'num_stocks': 5, 'use_trailing_stop': True, 'trailing_stop_pct': 0.02, 'vol_lookback': 20, 'low_vol_threshold': 0.01, 'high_vol_threshold': 0.03, 'volume_lookback': 40, 'macro_lower': 0.95, 'macro_upper': 1.05, 'max_trades': 20}",-5.4001693456447954,-0.011276583319408284,-0.11276583319408284,1970.379196816414,20
"{'ma_type': 'EMA', 'fast_ma_window': 12, 'slow_ma_window': 50, 'momentum_window': 15, 'proportional_momentum': False, 'num_stocks': 5, 'use_trailing_stop': True, 'trailing_stop_pct': 0.02, 'vol_lookback': 20, 'low_vol_threshold': 0.01, 'high_vol_threshold': 0.03, 'volume_lookback': 40, 'macro_lower': 0.95, 'macro_upper': 1.05, 'max_trades': 20}",-5.4001693456447954,-0.011276583319408284,-0.11276583319408284,1970.379196816414,20
"{'ma_type': 'EMA', 'fast_ma_window': 5, 'slow_ma_window': 50, 'momentum_window': 10, 'proportional_momentum': False, 'num_stocks': 4, 'use_trailing_stop': True, 'trailing_stop_pct': 0.03, 'vol_lookback': 20, 'low_vol_threshold': 0.01, 'high_vol_threshold': 0.03, 'volume_lookback': 40, 'macro_lower': 0.95, 'macro_upper': 1.05, 'max_trades': 15}",-5.444010522228214,-0.015680377669005985,-0.15680377669005985,1862.231481486704,15
"{'ma_type': 'EMA', 'fast_ma_window': 12, 'slow_ma_window': 50, 'momentum_window': 10, 'proportional_momentum': False, 'num_stocks': 4, 'use_trailing_stop': True, 'trailing_stop_pct': 0.02, 'vol_lookback': 20, 'low_vol_threshold': 0.01, 'high_vol_threshold': 0.03, 'volume_lookback': 40, 'macro_lower': 0.95, 'macro_upper': 1.05, 'max_trades': 20}",-5.450809152507092,-0.013690206801451388,-0.13690206801451388,1970.276279315949,16
"{'ma_type': 'EMA', 'fast_ma_window': 12, 'slow_ma_window': 50, 'momentum_window': 15, 'proportional_momentum': False, 'num_stocks': 4, 'use_trailing_stop': True, 'trailing_stop_pct': 0.02, 'vol_lookback': 20, 'low_vol_threshold': 0.01, 'high_vol_threshold': 0.03, 'volume_lookback': 40, 'macro_lower': 0.95, 'macro_upper': 1.05, 'max_trades': 20}",-5.450809152507092,-0.013690206801451388,-0.13690206801451388,1970.276279315949,16
"{'ma_type': 'EMA', 'fast_ma_window': 5, 'slow_ma_window': 50, 'momentum_window': 10, 'proportional_momentum': False, 'num_stocks': 5, 'use_trailing_stop': True, 'trailing_stop_pct': 0.03, 'vol_lookback': 20, 'low_vol_threshold': 0.01, 'high_vol_threshold': 0.03, 'volume_lookback': 40, 'macro_lower': 0.95, 'macro_upper': 1.05, 'max_trades': 20}",-5.5504619808719085,-0.018295433595330257,-0.18295433595330257,1976.8201858851364,20
"{'ma_type': 'EMA', 'fast_ma_window': 5, 'slow_ma_window': 50, 'momentum_window': 15, 'proportional_momentum': False, 'num_stocks': 5, 'use_trailing_stop': True, 'trailing_stop_pct': 0.03, 'vol_lookback': 20, 'low_vol_threshold': 0.01, 'high_vol_threshold': 0.03, 'volume_lookback': 40, 'macro_lower': 0.95, 'macro_upper': 1.05, 'max_trades': 20}",-5.5504619808719085,-0.018295433595330257,-0.18295433595330257,1976.8201858851364,20
"{'ma_type': 'EMA', 'fast_ma_window': 9, 'slow_ma_window': 40, 'momentum_window': 10, 'proportional_momentum': False, 'num_stocks': 5, 'use_trailing_stop': True, 'trailing_stop_pct': 0.05, 'vol_lookback': 20, 'low_vol_threshold': 0.01, 'high_vol_threshold': 0.03, 'volume_lookback': 40, 'macro_lower': 0.95, 'macro_upper': 1.05, 'max_trades': 20}",-5.584829700625738,-0.02111902064803206,-0.2111902064803206,1921.3936487124442,20
"{'ma_type': 'EMA', 'fast_ma_window': 9, 'slow_ma_window': 40, 'momentum_window': 15, 'proportional_momentum': False, 'num_stocks': 5, 'use_trailing_stop': True, 'trailing_stop_pct': 0.05, 'vol_lookback': 20, 'low_vol_threshold': 0.01, 'high_vol_threshold': 0.03, 'volume_lookback': 40, 'macro_lower': 0.95, 'macro_upper': 1.05, 'max_trades': 20}",-5.584829700625738,-0.02111902064803206,-0.2111902064803206,1921.3936487124442,20
"{'ma_type': 'EMA', 'fast_ma_window': 5, 'slow_ma_window': 50, 'momentum_window': 15, 'proportional_momentum': False, 'num_stocks': 4, 'use_trailing_stop': True, 'trailing_stop_pct': 0.02, 'vol_lookback': 20, 'low_vol_threshold': 0.01, 'high_vol_threshold': 0.03, 'volume_lookback': 40, 'macro_lower': 0.95, 'macro_upper': 1.05, 'max_trades': 15}",-5.6140938968850875,-0.023895909649576774,-0.23895909649576774,1856.7999225014803,15
"{'ma_type': 'EMA', 'fast_ma_window': 9, 'slow_ma_window': 40, 'momentum_window': 10, 'proportional_momentum': False, 'num_stocks': 5, 'use_trailing_stop': True, 'trailing_stop_pct': 0.02, 'vol_lookback': 20, 'low_vol_threshold': 0.01, 'high_vol_threshold': 0.03, 'volume_lookback': 40, 'macro_lower': 0.95, 'macro_upper': 1.05, 'max_trades': 20}",-5.627874132675884,-0.023124874296095554,-0.23124874296095554,1923.4426160600904,20
"{'ma_type': 'EMA', 'fast_ma_window': 9, 'slow_ma_window': 40, 'momentum_window': 15, 'proportional_momentum': False, 'num_stocks': 5, 'use_trailing_stop': True, 'trailing_stop_pct': 0.02, 'vol_lookback': 20, 'low_vol_threshold': 0.01, 'high_vol_threshold': 0.03, 'volume_lookback': 40, 'macro_lower': 0.95, 'macro_upper': 1.05, 'max_trades': 20}",-5.627874132675884,-0.023124874296095554,-0.23124874296095554,1923.4426160600904,20
"{'ma_type': 'EMA', 'fast_ma_window': 5, 'slow_ma_window': 40, 'momentum_window': 10, 'proportional_momentum': False, 'num_stocks': 4, 'use_trailing_stop': True, 'trailing_stop_pct': 0.05, 'vol_lookback': 20, 'low_vol_threshold': 0.01, 'high_vol_threshold': 0.03, 'volume_lookback': 40, 'macro_lower': 0.95, 'macro_upper': 1.05, 'max_trades': 15}",-5.6566020232919865,-0.027310093539959168,-0.2731009353995917,1791.8965460816491,15
"{'ma_type': 'EMA', 'fast_ma_window': 5, 'slow_ma_window': 40, 'momentum_window': 15, 'proportional_momentum': False, 'num_stocks': 4, 'use_trailing_stop': True, 'trailing_stop_pct': 0.05, 'vol_lookback': 20, 'low_vol_threshold': 0.01, 'high_vol_threshold': 0.03, 'volume_lookback': 40, 'macro_lower': 0.95, 'macro_upper': 1.05, 'max_trades': 15}",-5.6566020232919865,-0.027310093539959168,-0.2731009353995917,1791.8965460816494,15
"{'ma_type': 'EMA', 'fast_ma_window': 12, 'slow_ma_window': 40, 'momentum_window': 10, 'proportional_momentum': False, 'num_stocks': 5, 'use_trailing_stop': True, 'trailing_stop_pct': 0.02, 'vol_lookback': 20, 'low_vol_threshold': 0.01, 'high_vol_threshold': 0.03, 'volume_lookback': 40, 'macro_lower': 0.95, 'macro_upper': 1.05, 'max_trades': 20}",-5.667841879769872,-0.024050441085667118,-0.24050441085667118,1969.0929488347122,20
"{'ma_type': 'EMA', 'fast_ma_window': 12, 'slow_ma_window': 40, 'momentum_window': 15, 'proportional_momentum': False, 'num_stocks': 5, 'use_trailing_stop': True, 'trailing_stop_pct': 0.02, 'vol_lookback': 20, 'low_vol_threshold': 0.01, 'high_vol_threshold': 0.03, 'volume_lookback': 40, 'macro_lower': 0.95, 'macro_upper': 1.05, 'max_trades': 20}",-5.667841879769872,-0.024050441085667118,-0.24050441085667118,1969.0929488347122,20
"{'ma_type': 'EMA', 'fast_ma_window': 9, 'slow_ma_window': 40, 'momentum_window': 10, 'proportional_momentum': False, 'num_stocks': 5, 'use_trailing_stop': True, 'trailing_stop_pct': 0.03, 'vol_lookback': 20, 'low_vol_threshold': 0.01, 'high_vol_threshold': 0.03, 'volume_lookback': 40, 'macro_lower': 0.95, 'macro_upper': 1.05, 'max_trades': 20}",-5.670563799024222,-0.025316130803807124,-0.25316130803807124,1916.045653442791,20
"{'ma_type': 'EMA', 'fast_ma_window': 9, 'slow_ma_window': 40, 'momentum_window': 15, 'proportional_momentum': False, 'num_stocks': 5, 'use_trailing_stop': True, 'trailing_stop_pct': 0.03, 'vol_lookback': 20, 'low_vol_threshold': 0.01, 'high_vol_threshold': 0.03, 'volume_lookback': 40, 'macro_lower': 0.95, 'macro_upper': 1.05, 'max_trades': 20}",-5.670563799024222,-0.025316130803807124,-0.25316130803807124,1916.045653442791,20
"{'ma_type': 'EMA', 'fast_ma_window': 5, 'slow_ma_window': 40, 'momentum_window': 10, 'proportional_momentum': False, 'num_stocks': 5, 'use_trailing_stop': True, 'trailing_stop_pct': 0.03, 'vol_lookback': 20, 'low_vol_threshold': 0.01, 'high_vol_threshold': 0.03, 'volume_lookback': 40, 'macro_lower': 0.95, 'macro_upper': 1.05, 'max_trades': 20}",-5.692356170630179,-0.026332064707123792,-0.2633206470712379,1917.0634819941163,20
"{'ma_type': 'EMA', 'fast_ma_window': 5, 'slow_ma_window': 40, 'momentum_window': 15, 'proportional_momentum': False, 'num_stocks': 5, 'use_trailing_stop': True, 'trailing_stop_pct': 0.03, 'vol_lookback': 20, 'low_vol_threshold': 0.01, 'high_vol_threshold': 0.03, 'volume_lookback': 40, 'macro_lower': 0.95, 'macro_upper': 1.05, 'max_trades': 20}",-5.692356170630179,-0.026332064707123792,-0.2633206470712379,1917.0634819941163,20
"{'ma_type': 'EMA', 'fast_ma_window': 12, 'slow_ma_window': 40, 'momentum_window': 10, 'proportional_momentum': False, 'num_stocks': 5, 'use_trailing_stop': True, 'trailing_stop_pct': 0.05, 'vol_lookback': 20, 'low_vol_threshold': 0.01, 'high_vol_threshold': 0.03, 'volume_lookback': 40, 'macro_lower': 0.95, 'macro_upper': 1.05, 'max_trades': 20}",-5.703021826612564,-0.025769327529508446,-0.25769327529508446,1967.0547364739318,20
"{'ma_type': 'EMA', 'fast_ma_window': 12, 'slow_ma_window': 40, 'momentum_window': 15, 'proportional_momentum': False, 'num_stocks': 5, 'use_trailing_stop': True, 'trailing_stop_pct': 0.05, 'vol_lookback': 20, 'low_vol_threshold': 0.01, 'high_vol_threshold': 0.03, 'volume_lookback': 40, 'macro_lower': 0.95, 'macro_upper': 1.05, 'max_trades': 20}",-5.703021826612564,-0.025769327529508446,-0.25769327529508446,1967.0547364739318,20
"{'ma_type': 'EMA', 'fast_ma_window': 12, 'slow_ma_window': 40, 'momentum_window': 15, 'proportional_momentum': False, 'num_stocks': 5, 'use_trailing_stop': True, 'trailing_stop_pct': 0.03, 'vol_lookback': 20, 'low_vol_threshold': 0.01, 'high_vol_threshold': 0.03, 'volume_lookback': 40, 'macro_lower': 0.95, 'macro_upper': 1.05, 'max_trades': 20}",-5.752053692672685,-0.028225793585134218,-0.2822579358513422,1961.3760928902495,20
"{'ma_type': 'EMA', 'fast_ma_window': 12, 'slow_ma_window': 40, 'momentum_window': 10, 'proportional_momentum': False, 'num_stocks': 5, 'use_trailing_stop': True, 'trailing_stop_pct': 0.03, 'vol_lookback': 20, 'low_vol_threshold': 0.01, 'high_vol_threshold': 0.03, 'volume_lookback': 40, 'macro_lower': 0.95, 'macro_upper': 1.05, 'max_trades': 20}",-5.752053692672686,-0.02822579358513433,-0.2822579358513433,1961.3760928902498,20
"{'ma_type': 'EMA', 'fast_ma_window': 12, 'slow_ma_window': 50, 'momentum_window': 10, 'proportional_momentum': False, 'num_stocks': 4, 'use_trailing_stop': True, 'trailing_stop_pct': 0.03, 'vol_lookback': 20, 'low_vol_threshold': 0.01, 'high_vol_threshold': 0.03, 'volume_lookback': 40, 'macro_lower': 0.95, 'macro_upper': 1.05, 'max_trades': 20}",-5.77809837441079,-0.029444959520095737,-0.29444959520095737,1962.359318150801,16
"{'ma_type': 'EMA', 'fast_ma_window': 12, 'slow_ma_window': 50, 'momentum_window': 15, 'proportional_momentum': False, 'num_stocks': 4, 'use_trailing_stop': True, 'trailing_stop_pct': 0.03, 'vol_lookback': 20, 'low_vol_threshold': 0.01, 'high_vol_threshold': 0.03, 'volume_lookback': 40, 'macro_lower': 0.95, 'macro_upper': 1.05, 'max_trades': 20}",-5.77809837441079,-0.029444959520095737,-0.29444959520095737,1962.359318150801,16
"{'ma_type': 'EMA', 'fast_ma_window': 12, 'slow_ma_window': 50, 'momentum_window': 10, 'proportional_momentum': False, 'num_stocks': 5, 'use_trailing_stop': True, 'trailing_stop_pct': 0.03, 'vol_lookback': 20, 'low_vol_threshold': 0.01, 'high_vol_threshold': 0.03, 'volume_lookback': 40, 'macro_lower': 0.95, 'macro_upper': 1.05, 'max_trades': 20}",-5.784442917568948,-0.029774397169681,-0.29774397169681,1961.083812972056,20
"{'ma_type': 'EMA', 'fast_ma_window': 12, 'slow_ma_window': 50, 'momentum_window': 15, 'proportional_momentum': False, 'num_stocks': 5, 'use_trailing_stop': True, 'trailing_stop_pct': 0.03, 'vol_lookback': 20, 'low_vol_threshold': 0.01, 'high_vol_threshold': 0.03, 'volume_lookback': 40, 'macro_lower': 0.95, 'macro_upper': 1.05, 'max_trades': 20}",-5.784442917568948,-0.029774397169681,-0.29774397169681,1961.083812972056,20
"{'ma_type': 'EMA', 'fast_ma_window': 12, 'slow_ma_window': 50, 'momentum_window': 10, 'proportional_momentum': False, 'num_stocks': 4, 'use_trailing_stop': True, 'trailing_stop_pct': 0.05, 'vol_lookback': 20, 'low_vol_threshold': 0.01, 'high_vol_threshold': 0.03, 'volume_lookback': 40, 'macro_lower': 0.95, 'macro_upper': 1.05, 'max_trades': 20}",-5.793488227130256,-0.030185782339011813,-0.30185782339011813,1961.9870453774765,16
"{'ma_type': 'EMA', 'fast_ma_window': 12, 'slow_ma_window': 50, 'momentum_window': 15, 'proportional_momentum': False, 'num_stocks': 4, 'use_trailing_stop': True, 'trailing_stop_pct': 0.05, 'vol_lookback': 20, 'low_vol_threshold': 0.01, 'high_vol_threshold': 0.03, 'volume_lookback': 40, 'macro_lower': 0.95, 'macro_upper': 1.05, 'max_trades': 20}",-5.793488227130256,-0.030185782339011813,-0.30185782339011813,1961.9870453774765,16
"{'ma_type': 'EMA', 'fast_ma_window': 12, 'slow_ma_window': 50, 'momentum_window': 10, 'proportional_momentum': False, 'num_stocks': 5, 'use_trailing_stop': True, 'trailing_stop_pct': 0.05, 'vol_lookback': 20, 'low_vol_threshold': 0.01, 'high_vol_threshold': 0.03, 'volume_lookback': 40, 'macro_lower': 0.95, 'macro_upper': 1.05, 'max_trades': 20}",-5.796901382948611,-0.030374111514591906,-0.30374111514591906,1960.7824489796385,20
"{'ma_type': 'EMA', 'fast_ma_window': 12, 'slow_ma_window': 50, 'momentum_window': 15, 'proportional_momentum': False, 'num_stocks': 5, 'use_trailing_stop': True, 'trailing_stop_pct': 0.05, 'vol_lookback': 20, 'low_vol_threshold': 0.01, 'high_vol_threshold': 0.03, 'volume_lookback': 40, 'macro_lower': 0.95, 'macro_upper': 1.05, 'max_trades': 20}",-5.796901382948615,-0.030374111514592128,-0.3037411151459213,1960.7824489796385,20
"{'ma_type': 'EMA', 'fast_ma_window': 9, 'slow_ma_window': 50, 'momentum_window': 15, 'proportional_momentum': False, 'num_stocks': 5, 'use_trailing_stop': True, 'trailing_stop_pct': 0.05, 'vol_lookback': 20, 'low_vol_threshold': 0.01, 'high_vol_threshold': 0.03, 'volume_lookback': 40, 'macro_lower': 0.95, 'macro_upper': 1.05, 'max_trades': 20}",-5.884832271411937,-0.0345021684695096,-0.345021684695096,1963.5433520533954,20
"{'ma_type': 'EMA', 'fast_ma_window': 9, 'slow_ma_window': 50, 'momentum_window': 10, 'proportional_momentum': False, 'num_stocks': 5, 'use_trailing_stop': True, 'trailing_stop_pct': 0.02, 'vol_lookback': 20, 'low_vol_threshold': 0.01, 'high_vol_threshold': 0.03, 'volume_lookback': 40, 'macro_lower': 0.95, 'macro_upper': 1.05, 'max_trades': 20}",-5.884832271411944,-0.03450216846950993,-0.3450216846950993,1963.5433520533952,20
"{'ma_type': 'EMA', 'fast_ma_window': 9, 'slow_ma_window': 50, 'momentum_window': 10, 'proportional_momentum': False, 'num_stocks': 5, 'use_trailing_stop': True, 'trailing_stop_pct': 0.03, 'vol_lookback': 20, 'low_vol_threshold': 0.01, 'high_vol_threshold': 0.03, 'volume_lookback': 40, 'macro_lower': 0.95, 'macro_upper': 1.05, 'max_trades': 20}",-5.884832271411944,-0.03450216846950993,-0.3450216846950993,1963.5433520533952,20
"{'ma_type': 'EMA', 'fast_ma_window': 9, 'slow_ma_window': 50, 'momentum_window': 10, 'proportional_momentum': False, 'num_stocks': 5, 'use_trailing_stop': True, 'trailing_stop_pct': 0.05, 'vol_lookback': 20, 'low_vol_threshold': 0.01, 'high_vol_threshold': 0.03, 'volume_lookback': 40, 'macro_lower': 0.95, 'macro_upper': 1.05, 'max_trades': 20}",-5.884832271411944,-0.03450216846950993,-0.3450216846950993,1963.5433520533952,20
"{'ma_type': 'EMA', 'fast_ma_window': 9, 'slow_ma_window': 50, 'momentum_window': 15, 'proportional_momentum': False, 'num_stocks': 5, 'use_trailing_stop': True, 'trailing_stop_pct': 0.02, 'vol_lookback': 20, 'low_vol_threshold': 0.01, 'high_vol_threshold': 0.03, 'volume_lookback': 40, 'macro_lower': 0.95, 'macro_upper': 1.05, 'max_trades': 20}",-5.884832271411944,-0.03450216846950993,-0.3450216846950993,1963.5433520533952,20
"{'ma_type': 'EMA', 'fast_ma_window': 9, 'slow_ma_window': 50, 'momentum_window': 15, 'proportional_momentum': False, 'num_stocks': 5, 'use_trailing_stop': True, 'trailing_stop_pct': 0.03, 'vol_lookback': 20, 'low_vol_threshold': 0.01, 'high_vol_threshold': 0.03, 'volume_lookback': 40, 'macro_lower': 0.95, 'macro_upper': 1.05, 'max_trades': 20}",-5.884832271411944,-0.03450216846950993,-0.3450216846950993,1963.5433520533952,20
"{'ma_type': 'EMA', 'fast_ma_window': 5, 'slow_ma_window': 40, 'momentum_window': 10, 'proportional_momentum': False, 'num_stocks': 4, 'use_trailing_stop': True, 'trailing_stop_pct': 0.02, 'vol_lookback': 20, 'low_vol_threshold': 0.01, 'high_vol_threshold': 0.03, 'volume_lookback': 40, 'macro_lower': 0.95, 'macro_upper': 1.05, 'max_trades': 15}",-5.916820275707408,-0.03915985052528126,-0.3915985052528126,1817.1852025332023,15
"{'ma_type': 'EMA', 'fast_ma_window': 5, 'slow_ma_window': 40, 'momentum_window': 15, 'proportional_momentum': False, 'num_stocks': 4, 'use_trailing_stop': True, 'trailing_stop_pct': 0.02, 'vol_lookback': 20, 'low_vol_threshold': 0.01, 'high_vol_threshold': 0.03, 'volume_lookback': 40, 'macro_lower': 0.95, 'macro_upper': 1.05, 'max_trades': 15}",-5.916820275707408,-0.03915985052528126,-0.3915985052528126,1817.1852025332023,15
"{'ma_type': 'EMA', 'fast_ma_window': 5, 'slow_ma_window': 40, 'momentum_window': 10, 'proportional_momentum': False, 'num_stocks': 4, 'use_trailing_stop': True, 'trailing_stop_pct': 0.03, 'vol_lookback': 20, 'low_vol_threshold': 0.01, 'high_vol_threshold': 0.03, 'volume_lookback': 40, 'macro_lower': 0.95, 'macro_upper': 1.05, 'max_trades': 15}",-1000000000.0,-0.05717559558372698,-0.5717559558372698,1804.9665734679618,15
"{'ma_type': 'EMA', 'fast_ma_window': 5, 'slow_ma_window': 40, 'momentum_window': 15, 'proportional_momentum': False, 'num_stocks': 4, 'use_trailing_stop': True, 'trailing_stop_pct': 0.03, 'vol_lookback': 20, 'low_vol_threshold': 0.01, 'high_vol_threshold': 0.03, 'volume_lookback': 40, 'macro_lower': 0.95, 'macro_upper': 1.05, 'max_trades': 15}",-1000000000.0,-0.05717559558372698,-0.5717559558372698,1804.966573467962,15
